Workbook

Sheet Ambientes
A1: TABELA DE AREAS - ESTUDO CONCEITUAL (medidas aproximadas, nao executivas)
A2: Fonte unica: dados/ambientes.csv (hash f48b18ad9ed1). Azul = dado de entrada; preto = formula. Parede conceitual 0.15 m: lado externo desconta 0,15; lado interno 0,075; lado aberto 0.
A4: ID | B4: Pav. | C4: Ambiente | D4: Tipo | E4: Computa (1/0) | F4: x0 | G4: y0 | H4: x1 | I4: y1 | J4: Largura eixo (m) | K4: Prof. eixo (m) | L4: Area bruta (m2) | M4: Desc. W | N4: Desc. E | O4: Desc. S | P4: Desc. N | Q4: Largura util (m) | R4: Prof. util (m) | S4: Area util (m2) | T4: Ref. briefing (m2) | U4: Ref. (texto) | V4: Desvio util x ref. | W4: Coef. equiv. custo | X4: Area equiv. (m2) | Y4: Observacao
A5: GAR | B5: T | C5: Garagem (2 carros + 1 moto) | D5: coberto | E5: 1 | F5: 0 | G5: 4 | H5: 7 | I5: 9.3 | J5: =H5-F5 | K5: =I5-G5 | L5: =J5*K5 | M5: 0.15 | N5: 0.15 | O5: 0 | P5: 0.075 | Q5: =J5-M5-N5 | R5: =K5-O5-P5 | S5: =Q5*R5 | T5: 25 | U5: 25 m2 (planta) | V5: =IF(AND(T5>0,E5=1),S5/T5-1,"") | W5: 0.75 | X5: =L5*W5 | Y5: Frente aberta para o recuo; fechamento pelo muro/portao do lote (fora do orcamento)
A6: ESC_T | B6: T | C6: Escada em U | D6: fechado | E6: 1 | F6: 0 | G6: 9.3 | H6: 2 | I6: 12.8 | J6: =H6-F6 | K6: =I6-G6 | L6: =J6*K6 | M6: 0.15 | N6: 0 | O6: 0.075 | P6: 0 | Q6: =J6-M6-N6 | R6: =K6-O6-P6 | S6: =Q6*R6 | T6: 5.25 | U6: ~1.5 x 3.5 m | V6: =IF(AND(T6>0,E6=1),S6/T6-1,"") | W6: 1 | X6: =L6*W6 | Y6: Lances de 0.80 m; deposito sob o patamar
A7: HALL_T | B7: T | C7: Hall de entrada | D7: fechado | E7: 1 | F7: 2 | G7: 9.3 | H7: 3.4 | I7: 12.8 | J7: =H7-F7 | K7: =I7-G7 | L7: =J7*K7 | M7: 0 | N7: 0.075 | O7: 0.075 | P7: 0 | Q7: =J7-M7-N7 | R7: =K7-O7-P7 | S7: =Q7*R7 | U7: (nao definido) | V7: =IF(AND(T7>0,E7=1),S7/T7-1,"") | W7: 1 | X7: =L7*W7 | Y7: Porta pivotante alta a partir da faixa central coberta da garagem
A8: LAVABO | B8: T | C8: Lavabo | D8: fechado | E8: 1 | F8: 3.4 | G8: 9.3 | H8: 5.4 | I8: 10.7 | J8: =H8-F8 | K8: =I8-G8 | L8: =J8*K8 | M8: 0.075 | N8: 0.15 | O8: 0.075 | P8: 0.075 | Q8: =J8-M8-N8 | R8: =K8-O8-P8 | S8: =Q8*R8 | T8: 2.25 | U8: 2 a 2.5 m2 | V8: =IF(AND(T8>0,E8=1),S8/T8-1,"") | W8: 1 | X8: =L8*W8 | Y8: Janela basculante para o patio de servico
A9: LAVAND | B9: T | C9: Lavanderia | D9: fechado | E9: 1 | F9: 3.4 | G9: 10.7 | H9: 5.4 | I9: 12.8 | J9: =H9-F9 | K9: =I9-G9 | L9: =J9*K9 | M9: 0.075 | N9: 0.15 | O9: 0.075 | P9: 0.075 | Q9: =J9-M9-N9 | R9: =K9-O9-P9 | S9: =Q9*R9 | T9: 5 | U9: 5 m2 | V9: =IF(AND(T9>0,E9=1),S9/T9-1,"") | W9: 1 | X9: =L9*W9 | Y9: Acesso pela cozinha; porta para o patio de servico (secagem)
A10: SALA_COZ | B10: T | C10: Sala e cozinha integradas | D10: fechado | E10: 1 | F10: 0 | G10: 12.8 | H10: 7 | I10: 16.9 | J10: =H10-F10 | K10: =I10-G10 | L10: =J10*K10 | M10: 0.15 | N10: 0.15 | O10: 0.075 | P10: 0.075 | Q10: =J10-M10-N10 | R10: =K10-O10-P10 | S10: =Q10*R10 | T10: 27 | U10: 26 a 28 m2 | V10: =IF(AND(T10>0,E10=1),S10/T10-1,"") | W10: 1 | X10: =L10*W10 | Y10: Sem sala de jantar separada; peninsula compacta
A11: GOURMET | B11: T | C11: Area gourmet | D11: coberto | E11: 1 | F11: 0 | G11: 16.9 | H11: 5.2 | I11: 20 | J11: =H11-F11 | K11: =I11-G11 | L11: =J11*K11 | M11: 0.15 | N11: 0 | O11: 0.075 | P11: 0.15 | Q11: =J11-M11-N11 | R11: =K11-O11-P11 | S11: =Q11*R11 | T11: 15 | U11: 15 m2 (planta) | V11: =IF(AND(T11>0,E11=1),S11/T11-1,"") | W11: 0.75 | X11: =L11*W11 | Y11: Coberta por laje propria; lado leste aberto para o jardim
A12: PATIO | B12: T | C12: Patio de servico / poco de luz | D12: descoberto | E12: 0 | F12: 5.4 | G12: 9.3 | H12: 7 | I12: 12.8 | J12: =H12-F12 | K12: =I12-G12 | L12: =J12*K12 | M12: 0 | N12: 0 | O12: 0 | P12: 0 | Q12: =J12-M12-N12 | R12: =K12-O12-P12 | S12: =Q12*R12 | V12: =IF(AND(T12>0,E12=1),S12/T12-1,"") | W12: 0 | X12: =L12*W12 | Y12: Descoberto nos dois pavimentos; ilumina lavabo lavanderia cozinha
A13: JARDIM_F | B13: T | C13: Jardim de fundo | D13: descoberto | E13: 0 | F13: 5.2 | G13: 16.9 | H13: 7 | I13: 20 | J13: =H13-F13 | K13: =I13-G13 | L13: =J13*K13 | M13: 0 | N13: 0 | O13: 0 | P13: 0 | Q13: =J13-M13-N13 | R13: =K13-O13-P13 | S13: =Q13*R13 | V13: =IF(AND(T13>0,E13=1),S13/T13-1,"") | W13: 0 | X13: =L13*W13 | Y13: Area permeavel com arvore de pequeno porte
A14: RECUO | B14: T | C14: Recuo frontal (jardim e acesso) | D14: descoberto | E14: 0 | F14: 0 | G14: 0 | H14: 7 | I14: 4 | J14: =H14-F14 | K14: =I14-G14 | L14: =J14*K14 | M14: 0 | N14: 0 | O14: 0 | P14: 0 | Q14: =J14-M14-N14 | R14: =K14-O14-P14 | S14: =Q14*R14 | V14: =IF(AND(T14>0,E14=1),S14/T14-1,"") | W14: 0 | X14: =L14*W14 | Y14: Recuo frontal de 4.00 m = HIPOTESE
A15: SACADA | B15: S | C15: Sacada jardim sobre a garagem | D15: descoberto | E15: 0 | F15: 0 | G15: 4 | H15: 7 | I15: 5.5 | J15: =H15-F15 | K15: =I15-G15 | L15: =J15*K15 | M15: 0 | N15: 0 | O15: 0 | P15: 0 | Q15: =J15-M15-N15 | R15: =K15-O15-P15 | S15: =Q15*R15 | T15: 8 | U15: 8 m2 (lista) / 21 m2 (geometria) | V15: =IF(AND(T15>0,E15=1),S15/T15-1,"") | W15: 0.4 | X15: =L15*W15 | Y15: Descoberta; nao computada (HIPOTESE); jardineiras nas extremidades
A16: ESCRIT | B16: S | C16: Escritorio independente | D16: fechado | E16: 1 | F16: 0 | G16: 5.5 | H16: 3 | I16: 9.3 | J16: =H16-F16 | K16: =I16-G16 | L16: =J16*K16 | M16: 0.15 | N16: 0.075 | O16: 0.15 | P16: 0.075 | Q16: =J16-M16-N16 | R16: =K16-O16-P16 | S16: =Q16*R16 | T16: 10 | U16: 10 m2 (lista) / 20 m2 (planta) | V16: =IF(AND(T16>0,E16=1),S16/T16-1,"") | W16: 1 | X16: =L16*W16 | Y16: Porta propria; acesso a sacada
A17: QUARTO | B17: S | C17: Quarto | D17: fechado | E17: 1 | F17: 3 | G17: 5.5 | H17: 7 | I17: 9.3 | J17: =H17-F17 | K17: =I17-G17 | L17: =J17*K17 | M17: 0.075 | N17: 0.15 | O17: 0.15 | P17: 0.075 | Q17: =J17-M17-N17 | R17: =K17-O17-P17 | S17: =Q17*R17 | T17: 11 | U17: 10 a 12 m2 | V17: =IF(AND(T17>0,E17=1),S17/T17-1,"") | W17: 1 | X17: =L17*W17 | Y17: Janela para o poco de luz (ventilacao cruzada)
A18: ESC_S | B18: S | C18: Escada (chegada) | D18: fechado | E18: 1 | F18: 0 | G18: 9.3 | H18: 2 | I18: 12.8 | J18: =H18-F18 | K18: =I18-G18 | L18: =J18*K18 | M18: 0.15 | N18: 0 | O18: 0.075 | P18: 0.075 | Q18: =J18-M18-N18 | R18: =K18-O18-P18 | S18: =Q18*R18 | T18: 5.25 | U18: ~1.5 x 3.5 m | V18: =IF(AND(T18>0,E18=1),S18/T18-1,"") | W18: 1 | X18: =L18*W18 | Y18: Vazio da escada + plataforma de chegada
A19: HALL_S | B19: S | C19: Hall intimo | D19: fechado | E19: 1 | F19: 2 | G19: 9.3 | H19: 4 | I19: 12.8 | J19: =H19-F19 | K19: =I19-G19 | L19: =J19*K19 | M19: 0 | N19: 0.075 | O19: 0.075 | P19: 0.075 | Q19: =J19-M19-N19 | R19: =K19-O19-P19 | S19: =Q19*R19 | T19: 6 | U19: 6 m2 | V19: =IF(AND(T19>0,E19=1),S19/T19-1,"") | W19: 1 | X19: =L19*W19 | Y19: Claraboia linear sobre escada e hall
A20: BWC_SOC | B20: S | C20: Banheiro social | D20: fechado | E20: 1 | F20: 4 | G20: 9.3 | H20: 5.4 | I20: 12.8 | J20: =H20-F20 | K20: =I20-G20 | L20: =J20*K20 | M20: 0.075 | N20: 0.15 | O20: 0.075 | P20: 0.075 | Q20: =J20-M20-N20 | R20: =K20-O20-P20 | S20: =Q20*R20 | T20: 4 | U20: 4 m2 | V20: =IF(AND(T20>0,E20=1),S20/T20-1,"") | W20: 1 | X20: =L20*W20 | Y20: Alinhado sobre lavabo/lavanderia (prumada hidraulica)
A21: POCO | B21: S | C21: Poco de luz (vazio) | D21: vazio | E21: 0 | F21: 5.4 | G21: 9.3 | H21: 7 | I21: 12.8 | J21: =H21-F21 | K21: =I21-G21 | L21: =J21*K21 | M21: 0 | N21: 0 | O21: 0 | P21: 0 | Q21: =J21-M21-N21 | R21: =K21-O21-P21 | S21: =Q21*R21 | V21: =IF(AND(T21>0,E21=1),S21/T21-1,"") | W21: 0 | X21: =L21*W21 | Y21: Vazio sobre o patio de servico
A22: SUITE | B22: S | C22: Suite do casal | D22: fechado | E22: 1 | F22: 0 | G22: 12.8 | H22: 3.7 | I22: 16.9 | J22: =H22-F22 | K22: =I22-G22 | L22: =J22*K22 | M22: 0.15 | N22: 0.075 | O22: 0.075 | P22: 0.15 | Q22: =J22-M22-N22 | R22: =K22-O22-P22 | S22: =Q22*R22 | T22: 14 | U22: 14 m2 | V22: =IF(AND(T22>0,E22=1),S22/T22-1,"") | W22: 1 | X22: =L22*W22 | Y22: Cama queen; janela para o fundo
A23: CLOSET | B23: S | C23: Closet | D23: fechado | E23: 1 | F23: 3.7 | G23: 12.8 | H23: 7 | I23: 15 | J23: =H23-F23 | K23: =I23-G23 | L23: =J23*K23 | M23: 0.075 | N23: 0.15 | O23: 0.075 | P23: 0.075 | Q23: =J23-M23-N23 | R23: =K23-O23-P23 | S23: =Q23*R23 | T23: 7 | U23: 7 m2 | V23: =IF(AND(T23>0,E23=1),S23/T23-1,"") | W23: 1 | X23: =L23*W23 | Y23: Entre o dormitorio e o banheiro; armarios nos dois lados
A24: BWC_SUI | B24: S | C24: Banheiro da suite | D24: fechado | E24: 1 | F24: 3.7 | G24: 15 | H24: 7 | I24: 16.9 | J24: =H24-F24 | K24: =I24-G24 | L24: =J24*K24 | M24: 0.075 | N24: 0.15 | O24: 0.075 | P24: 0.15 | Q24: =J24-M24-N24 | R24: =K24-O24-P24 | S24: =Q24*R24 | T24: 4.5 | U24: 4 a 5 m2 | V24: =IF(AND(T24>0,E24=1),S24/T24-1,"") | W24: 1 | X24: =L24*W24 | Y24: Acesso pelo closet; janela para o fundo

Sheet Resumo
A1: FECHAMENTO DE AREAS POR PAVIMENTO (criterio de aceite: desvio <= 2%)
A3: Pavimento | B3: Soma bruta dos ambientes computaveis (m2) | C3: Soma util (m2) | D3: Paredes e estrutura (m2) | E3: Util + paredes (m2) | F3: Area declarada do pavimento (m2) | G3: Desvio |soma/declarada - 1| | H3: Status (tol. 2%) | I3: Fecha util+paredes=bruta?
A4: Terreo | B4: =SUMIFS(Ambientes!$L$5:$L$24,Ambientes!$B$5:$B$24,"T",Ambientes!$E$5:$E$24,1) | C4: =SUMIFS(Ambientes!$S$5:$S$24,Ambientes!$B$5:$B$24,"T",Ambientes!$E$5:$E$24,1) | D4: =B4-C4 | E4: =C4+D4 | F4: 100.82 | G4: =ABS(B4/F4-1) | H4: =IF(G4<=0.02,"OK","FALHA") | I4: =IF(ABS(E4-B4)<0.001,"OK","FALHA")
A5: Pavimento superior | B5: =SUMIFS(Ambientes!$L$5:$L$24,Ambientes!$B$5:$B$24,"S",Ambientes!$E$5:$E$24,1) | C5: =SUMIFS(Ambientes!$S$5:$S$24,Ambientes!$B$5:$B$24,"S",Ambientes!$E$5:$E$24,1) | D5: =B5-C5 | E5: =C5+D5 | F5: 74.2 | G5: =ABS(B5/F5-1) | H5: =IF(G5<=0.02,"OK","FALHA") | I5: =IF(ABS(E5-B5)<0.001,"OK","FALHA")
A6: AREA CONSTRUIDA TOTAL | B6: =SUM(B4:B5) | C6: =SUM(C4:C5) | D6: =SUM(D4:D5) | E6: =SUM(E4:E5) | F6: =SUM(F4:F5) | G6: =ABS(B6/F6-1) | H6: =IF(G6<=0.02,"OK","FALHA")
A8: Indicadores
A9: Area equivalente de custo (m2) - NBR 12721 (coef. hipoteticos) | B9: =SUM(Ambientes!$X$5:$X$24)
A10: Area nao computada: sacada descoberta (m2) | B10: =SUMIFS(Ambientes!$L$5:$L$24,Ambientes!$A$5:$A$24,"SACADA")
A11: Area nao computada: poco de luz / patio (m2) | B11: =SUMIFS(Ambientes!$L$5:$L$24,Ambientes!$A$5:$A$24,"POCO")
A12: Meta do briefing - area construida minima (m2) | B12: 125
A13: Meta do briefing - area construida maxima (m2) | B13: 140
A14: Excedente sobre a meta maxima (m2) | B14: =B6-B13
A15: Area construida sem garagem e gourmet (m2) - para comparar com programa 'de morar' | B15: =B6-SUMIFS(Ambientes!$L$5:$L$24,Ambientes!$A$5:$A$24,"GAR")-SUMIFS(Ambientes!$L$5:$L$24,Ambientes!$A$5:$A$24,"GOURMET")

Sheet Lote
A1: OCUPACAO E PERMEABILIDADE DO LOTE (parametros municipais = HIPOTESES, nao confirmados)
A3: Largura do lote (m) | B3: 7
A4: Profundidade do lote (m) | B4: 20
A5: Area do lote (m2) | B5: =B3*B4
A6: Projecao da edificacao no terreo (m2) | B6: =SUMIFS(Ambientes!$L$5:$L$24,Ambientes!$B$5:$B$24,"T",Ambientes!$D$5:$D$24,"fechado")+SUMIFS(Ambientes!$L$5:$L$24,Ambientes!$B$5:$B$24,"T",Ambientes!$D$5:$D$24,"coberto")
A7: Areas descobertas do terreo (recuo, patio, jardim) (m2) | B7: =SUMIFS(Ambientes!$L$5:$L$24,Ambientes!$B$5:$B$24,"T",Ambientes!$D$5:$D$24,"descoberto")
A8: Fechamento: projecao + descobertas = lote? | B8: =IF(ABS(B6+B7-B5)<0.001,"OK","FALHA")
A9: Taxa de ocupacao (TO) resultante | B9: =B6/B5
A10: TO maxima - HIPOTESE (confirmar na LUOS de Cajamar) | B10: 0.7
A11: Situacao TO | B11: =IF(B9<=B10,"ATENDE HIPOTESE","CONFLITO - ver 13_decisoes")
A12: Area permeavel estimada (m2) | B12: =I36
A13: Taxa de permeabilidade (TP) resultante | B13: =B12/B5
A14: TP minima - HIPOTESE (confirmar na LUOS de Cajamar) | B14: 0.15
A15: Situacao TP | B15: =IF(B13>=B14,"ATENDE HIPOTESE","CONFLITO")
A16: Recuo frontal adotado - HIPOTESE (m) | B16: 4
A17: Afastamento minimo de janela a divisa (m) - Codigo Civil art. 1.301 | B17: 1.5
A20: Superficies externas (dados/externas.csv)
A21: ID | B21: Superficie | C21: x0 | D21: y0 | E21: x1 | F21: y1 | G21: Area (m2) | H21: Coef. permeavel (hipotese) | I21: Area permeavel (m2) | J21: Acabamento
A22: R_TR1 | B22: Trilho de concreto vaga esq. 1 | C22: 0.55 | D22: 0 | E22: 1.05 | F22: 4 | G22: =(E22-C22)*(F22-D22) | H22: 0 | I22: =G22*H22 | J22: concreto desempenado
A23: R_TR2 | B23: Trilho de concreto vaga esq. 2 | C23: 1.65 | D23: 0 | E23: 2.15 | F23: 4 | G23: =(E23-C23)*(F23-D23) | H23: 0 | I23: =G23*H23 | J23: concreto desempenado
A24: R_TR3 | B24: Trilho de concreto vaga dir. 1 | C24: 4.75 | D24: 0 | E24: 5.25 | F24: 4 | G24: =(E24-C24)*(F24-D24) | H24: 0 | I24: =G24*H24 | J24: concreto desempenado
A25: R_TR4 | B25: Trilho de concreto vaga dir. 2 | C25: 5.85 | D25: 0 | E25: 6.35 | F25: 4 | G25: =(E25-C25)*(F25-D25) | H25: 0 | I25: =G25*H25 | J25: concreto desempenado
A26: R_CAM | B26: Caminho de pedestres (placas) | C26: 2.75 | D26: 0 | E26: 3.95 | F26: 4 | G26: =(E26-C26)*(F26-D26) | H26: 0 | I26: =G26*H26 | J26: placas de concreto 1.20 x 0.60
A27: R_G1 | B27: Grama recuo faixa 1 | C27: 0 | D27: 0 | E27: 0.55 | F27: 4 | G27: =(E27-C27)*(F27-D27) | H27: 1 | I27: =G27*H27 | J27: grama esmeralda
A28: R_G2 | B28: Grama recuo faixa 2 | C28: 1.05 | D28: 0 | E28: 1.65 | F28: 4 | G28: =(E28-C28)*(F28-D28) | H28: 1 | I28: =G28*H28 | J28: grama esmeralda
A29: R_G3 | B29: Grama recuo faixa 3 | C29: 2.15 | D29: 0 | E29: 2.75 | F29: 4 | G29: =(E29-C29)*(F29-D29) | H29: 1 | I29: =G29*H29 | J29: grama esmeralda / forracao
A30: R_G4 | B30: Grama recuo faixa 4 | C30: 3.95 | D30: 0 | E30: 4.75 | F30: 4 | G30: =(E30-C30)*(F30-D30) | H30: 1 | I30: =G30*H30 | J30: grama esmeralda / forracao
A31: R_G5 | B31: Grama recuo faixa 5 | C31: 5.25 | D31: 0 | E31: 5.85 | F31: 4 | G31: =(E31-C31)*(F31-D31) | H31: 1 | I31: =G31*H31 | J31: grama esmeralda
A32: R_G6 | B32: Grama recuo faixa 6 | C32: 6.35 | D32: 0 | E32: 7 | F32: 4 | G32: =(E32-C32)*(F32-D32) | H32: 1 | I32: =G32*H32 | J32: grama esmeralda
A33: P_PISO | B33: Patio - piso de passagem | C33: 5.4 | D33: 9.3 | E33: 7 | F33: 10.1 | G33: =(E33-C33)*(F33-D33) | H33: 0 | I33: =G33*H33 | J33: placas de concreto
... A35: J_FUNDO | B35: Jardim de fundo | C35: 5.2 | D35: 16.9 | E35: 7 | F35: 20 | G35: =(E35-C35)*(F35-D35) | H35: 1 | I35: =G35*H35 | J35: solo natural com forracao e arvore pequena
A36: Total | G36: =SUM(G22:G35) | I36: =SUM(I22:I35)
A37: Conferencia: superficies externas = descobertas do terreo? | B37: =IF(ABS(G36-B7)<0.001,"OK","FALHA")

Sheet Meta
A1: Projeto | B1: Casa contemporanea em EPS - Cajamar/SP - ESTUDO CONCEITUAL
A2: Hash dos dados (CSV) | B2: f48b18ad9ed1
A3: Gerado em | B3: 2026-10-26
A4: Gerador | B4: scripts/gerar_tabela.py
A5: Aviso | B5: Medidas aproximadas. Nao substitui projeto executivo, calculo estrutural, ART/RRT nem aprovacao.
